,yearPeriod,period,documentName,documentOrder,documentType,path,rpjCode,eeffType,caccount,mainTitle,numberColumns,title,value1
0,2017,2,Balance General,10,BG,H,B60001,TI,,Estado Financiero  Individual al Segundo Trimestre  del Año 2017 (En miles de nuevos soles),2,ESTADO DE SITUACION FINANCIERA / STATEMENT OF FINANCIAL POSITION,30/06/2017
1,2017,2,Balance General,10,BG,H,B60001,TI,1DT001,Estado Financiero  Individual al Segundo Trimestre  del Año 2017 (En miles de nuevos soles),2,Activos,
2,2017,2,Balance General,10,BG,H,B60001,TI,1DT004,Estado Financiero  Individual al Segundo Trimestre  del Año 2017 (En miles de nuevos soles),2,Activos Corrientes,
3,2017,2,Balance General,10,BG,H,B60001,TI,1D0109,Estado Financiero  Individual al Segundo Trimestre  del Año 2017 (En miles de nuevos soles),2,Efectivo y Equivalentes al Efectivo,"      27,666.00"
4,2017,2,Balance General,10,BG,H,B60001,TI,1D0114,Estado Financiero  Individual al Segundo Trimestre  del Año 2017 (En miles de nuevos soles),2,Otros Activos Financieros,           0.00
5,2017,2,Balance General,10,BG,H,B60001,TI,1D0121,Estado Financiero  Individual al Segundo Trimestre  del Año 2017 (En miles de nuevos soles),2,Cuentas por Cobrar Comerciales y Otras Cuentas por Cobrar,"     143,160.00"
6,2017,2,Balance General,10,BG,H,B60001,TI,1D0103,Estado Financiero  Individual al Segundo Trimestre  del Año 2017 (En miles de nuevos soles),2,Cuentas por Cobrar Comerciales,"       2,725.00"
7,2017,2,Balance General,10,BG,H,B60001,TI,1D0104,Estado Financiero  Individual al Segundo Trimestre  del Año 2017 (En miles de nuevos soles),2,Cuentas por Cobrar a Entidades Relacionadas,"     114,652.00"
8,2017,2,Balance General,10,BG,H,B60001,TI,1D0105,Estado Financiero  Individual al Segundo Trimestre  del Año 2017 (En miles de nuevos soles),2,Otras Cuentas por Cobrar,"      24,300.00"
9,2017,2,Balance General,10,BG,H,B60001,TI,1D0107,Estado Financiero  Individual al Segundo Trimestre  del Año 2017 (En miles de nuevos soles),2,Anticipos,"       1,483.00"
10,2017,2,Balance General,10,BG,H,B60001,TI,1D0106,Estado Financiero  Individual al Segundo Trimestre  del Año 2017 (En miles de nuevos soles),2,Inventarios,           0.00
11,2017,2,Balance General,10,BG,H,B60001,TI,1D0112,Estado Financiero  Individual al Segundo Trimestre  del Año 2017 (En miles de nuevos soles),2,Activos Biológicos,           0.00
12,2017,2,Balance General,10,BG,H,B60001,TI,1D0117,Estado Financiero  Individual al Segundo Trimestre  del Año 2017 (En miles de nuevos soles),2,Activos por Impuestos a las Ganancias,           0.00
13,2017,2,Balance General,10,BG,H,B60001,TI,1D0113,Estado Financiero  Individual al Segundo Trimestre  del Año 2017 (En miles de nuevos soles),2,Otros Activos no Financieros,           0.00
14,2017,2,Balance General,10,BG,H,B60001,TI,1D0122,Estado Financiero  Individual al Segundo Trimestre  del Año 2017 (En miles de nuevos soles),2,Activos Corrientes Distintos al Efectivo Pignorados como Garantía Colateral,           0.00
15,2017,2,Balance General,10,BG,H,B60001,TI,1D0118,Estado Financiero  Individual al Segundo Trimestre  del Año 2017 (En miles de nuevos soles),2,Total Activos Corrientes Distintos de los Activos no Corrientes o Grupos de Activos para su Disposición Clasificados como Mantenidos para la Venta o para Distribuir a los Propietarios,"     170,826.00"
16,2017,2,Balance General,10,BG,H,B60001,TI,1D0115,Estado Financiero  Individual al Segundo Trimestre  del Año 2017 (En miles de nuevos soles),2,Activos no Corrientes o Grupos de Activos para su Disposición Clasificados como Mantenidos para la Venta o como Mantenidos para Distribuir a los Propietarios,           0.00
17,2017,2,Balance General,10,BG,H,B60001,TI,1D01ST,Estado Financiero  Individual al Segundo Trimestre  del Año 2017 (En miles de nuevos soles),2,Total Activos Corrientes,"     170,826.00"
18,2017,2,Balance General,10,BG,H,B60001,TI,1DT005,Estado Financiero  Individual al Segundo Trimestre  del Año 2017 (En miles de nuevos soles),2,Activos No Corrientes,
19,2017,2,Balance General,10,BG,H,B60001,TI,1D0217,Estado Financiero  Individual al Segundo Trimestre  del Año 2017 (En miles de nuevos soles),2,Otros Activos Financieros,           0.00
20,2017,2,Balance General,10,BG,H,B60001,TI,1D0221,Estado Financiero  Individual al Segundo Trimestre  del Año 2017 (En miles de nuevos soles),2,"Inversiones en Subsidiarias, Negocios Conjuntos y Asociadas","   1,719,777.00"
21,2017,2,Balance General,10,BG,H,B60001,TI,1D0219,Estado Financiero  Individual al Segundo Trimestre  del Año 2017 (En miles de nuevos soles),2,Cuentas por Cobrar Comerciales y Otras Cuentas por Cobrar,"     394,119.00"
22,2017,2,Balance General,10,BG,H,B60001,TI,1D0201,Estado Financiero  Individual al Segundo Trimestre  del Año 2017 (En miles de nuevos soles),2,Cuentas por Cobrar Comerciales,"       1,602.00"
23,2017,2,Balance General,10,BG,H,B60001,TI,1D0202,Estado Financiero  Individual al Segundo Trimestre  del Año 2017 (En miles de nuevos soles),2,Cuentas por Cobrar a Entidades Relacionadas,"     392,517.00"
24,2017,2,Balance General,10,BG,H,B60001,TI,1D0203,Estado Financiero  Individual al Segundo Trimestre  del Año 2017 (En miles de nuevos soles),2,Otras Cuentas por Cobrar,           0.00
25,2017,2,Balance General,10,BG,H,B60001,TI,1D0220,Estado Financiero  Individual al Segundo Trimestre  del Año 2017 (En miles de nuevos soles),2,Anticipos,           0.00
26,2017,2,Balance General,10,BG,H,B60001,TI,1D0222,Estado Financiero  Individual al Segundo Trimestre  del Año 2017 (En miles de nuevos soles),2,Inventarios,           0.00
27,2017,2,Balance General,10,BG,H,B60001,TI,1D0216,Estado Financiero  Individual al Segundo Trimestre  del Año 2017 (En miles de nuevos soles),2,Activos Biológicos,           0.00
28,2017,2,Balance General,10,BG,H,B60001,TI,1D0211,Estado Financiero  Individual al Segundo Trimestre  del Año 2017 (En miles de nuevos soles),2,Propiedades de Inversión,"     299,377.00"
29,2017,2,Balance General,10,BG,H,B60001,TI,1D0205,Estado Financiero  Individual al Segundo Trimestre  del Año 2017 (En miles de nuevos soles),2,"Propiedades, Planta y Equipo",          13.00
30,2017,2,Balance General,10,BG,H,B60001,TI,1D0206,Estado Financiero  Individual al Segundo Trimestre  del Año 2017 (En miles de nuevos soles),2,Activos Intangibles Distintos de la Plusvalía,         339.00
31,2017,2,Balance General,10,BG,H,B60001,TI,1D0207,Estado Financiero  Individual al Segundo Trimestre  del Año 2017 (En miles de nuevos soles),2,Activos por Impuestos Diferidos,           0.00
32,2017,2,Balance General,10,BG,H,B60001,TI,1D0223,Estado Financiero  Individual al Segundo Trimestre  del Año 2017 (En miles de nuevos soles),2,"Activos por Impuestos Corrientes, no Corrientes",           0.00
33,2017,2,Balance General,10,BG,H,B60001,TI,1D0212,Estado Financiero  Individual al Segundo Trimestre  del Año 2017 (En miles de nuevos soles),2,Plusvalía,           0.00
34,2017,2,Balance General,10,BG,H,B60001,TI,1D0208,Estado Financiero  Individual al Segundo Trimestre  del Año 2017 (En miles de nuevos soles),2,Otros Activos no Financieros,           0.00
35,2017,2,Balance General,10,BG,H,B60001,TI,1D0224,Estado Financiero  Individual al Segundo Trimestre  del Año 2017 (En miles de nuevos soles),2,Activos no Corrientes Distintos al Efectivo Pignorados como Garantía Colateral,           0.00
36,2017,2,Balance General,10,BG,H,B60001,TI,1D02ST,Estado Financiero  Individual al Segundo Trimestre  del Año 2017 (En miles de nuevos soles),2,Total Activos No Corrientes,"   2,413,625.00"
37,2017,2,Balance General,10,BG,H,B60001,TI,1D020T,Estado Financiero  Individual al Segundo Trimestre  del Año 2017 (En miles de nuevos soles),2,TOTAL ACTIVOS,"   2,584,451.00"
38,2017,2,Balance General,10,BG,H,B60001,TI,1D020T,Estado Financiero  Individual al Segundo Trimestre  del Año 2017 (En miles de nuevos soles),2,TOTAL DE ACTIVOS,"   2,584,451.00"
39,2017,2,Balance General,10,BG,H,B60001,TI,1DT002,Estado Financiero  Individual al Segundo Trimestre  del Año 2017 (En miles de nuevos soles),2,Pasivos y Patrimonio,
40,2017,2,Balance General,10,BG,H,B60001,TI,1DT006,Estado Financiero  Individual al Segundo Trimestre  del Año 2017 (En miles de nuevos soles),2,Pasivos Corrientes,
41,2017,2,Balance General,10,BG,H,B60001,TI,1D0309,Estado Financiero  Individual al Segundo Trimestre  del Año 2017 (En miles de nuevos soles),2,Otros Pasivos Financieros,"      28,405.00"
42,2017,2,Balance General,10,BG,H,B60001,TI,1D0316,Estado Financiero  Individual al Segundo Trimestre  del Año 2017 (En miles de nuevos soles),2,Cuentas por Pagar Comerciales y Otras Cuentas por Pagar,"      27,649.00"
43,2017,2,Balance General,10,BG,H,B60001,TI,1D0302,Estado Financiero  Individual al Segundo Trimestre  del Año 2017 (En miles de nuevos soles),2,Cuentas por Pagar Comerciales,"       1,629.00"
44,2017,2,Balance General,10,BG,H,B60001,TI,1D0303,Estado Financiero  Individual al Segundo Trimestre  del Año 2017 (En miles de nuevos soles),2,Cuentas por Pagar a Entidades Relacionadas,"       2,992.00"
45,2017,2,Balance General,10,BG,H,B60001,TI,1D0304,Estado Financiero  Individual al Segundo Trimestre  del Año 2017 (En miles de nuevos soles),2,Otras Cuentas por Pagar,"      23,028.00"
46,2017,2,Balance General,10,BG,H,B60001,TI,1D0317,Estado Financiero  Individual al Segundo Trimestre  del Año 2017 (En miles de nuevos soles),2,Ingresos Diferidos,           0.00
47,2017,2,Balance General,10,BG,H,B60001,TI,1D0313,Estado Financiero  Individual al Segundo Trimestre  del Año 2017 (En miles de nuevos soles),2,Provisión por Beneficios a los Empleados,           0.00
48,2017,2,Balance General,10,BG,H,B60001,TI,1D0310,Estado Financiero  Individual al Segundo Trimestre  del Año 2017 (En miles de nuevos soles),2,Otras Provisiones,           0.00
49,2017,2,Balance General,10,BG,H,B60001,TI,1D0311,Estado Financiero  Individual al Segundo Trimestre  del Año 2017 (En miles de nuevos soles),2,Pasivos por Impuestos a las Ganancias,           0.00
50,2017,2,Balance General,10,BG,H,B60001,TI,1D0314,Estado Financiero  Individual al Segundo Trimestre  del Año 2017 (En miles de nuevos soles),2,Otros Pasivos no Financieros,           0.00
51,2017,2,Balance General,10,BG,H,B60001,TI,1D0315,Estado Financiero  Individual al Segundo Trimestre  del Año 2017 (En miles de nuevos soles),2,Total Pasivos Corrientes Distintos de Pasivos Incluidos en Grupos de Activos para su Disposición Clasificados como Mantenidos para la Venta,"      56,054.00"
52,2017,2,Balance General,10,BG,H,B60001,TI,1D0315,Estado Financiero  Individual al Segundo Trimestre  del Año 2017 (En miles de nuevos soles),2,Total de Pasivos Corrientes Distintos de Pasivos Incluidos en Grupos de Activos para su Disposición Clasificados como Mantenidos para la Venta,"      56,054.00"
53,2017,2,Balance General,10,BG,H,B60001,TI,1D0312,Estado Financiero  Individual al Segundo Trimestre  del Año 2017 (En miles de nuevos soles),2,Pasivos incluidos en Grupos de Activos para su Disposición Clasificados como Mantenidos para la Venta,           0.00
54,2017,2,Balance General,10,BG,H,B60001,TI,1D03ST,Estado Financiero  Individual al Segundo Trimestre  del Año 2017 (En miles de nuevos soles),2,Total Pasivos Corrientes,"      56,054.00"
55,2017,2,Balance General,10,BG,H,B60001,TI,1DT007,Estado Financiero  Individual al Segundo Trimestre  del Año 2017 (En miles de nuevos soles),2,Pasivos No Corrientes,
56,2017,2,Balance General,10,BG,H,B60001,TI,1D0401,Estado Financiero  Individual al Segundo Trimestre  del Año 2017 (En miles de nuevos soles),2,Otros Pasivos Financieros,"     689,718.00"
57,2017,2,Balance General,10,BG,H,B60001,TI,1D0411,Estado Financiero  Individual al Segundo Trimestre  del Año 2017 (En miles de nuevos soles),2,Cuentas por Pagar Comerciales y Otras Cuentas por Pagar,           0.00
58,2017,2,Balance General,10,BG,H,B60001,TI,1D0407,Estado Financiero  Individual al Segundo Trimestre  del Año 2017 (En miles de nuevos soles),2,Cuentas por Pagar Comerciales,           0.00
59,2017,2,Balance General,10,BG,H,B60001,TI,1D0402,Estado Financiero  Individual al Segundo Trimestre  del Año 2017 (En miles de nuevos soles),2,Cuentas por Pagar a Entidades Relacionadas,           0.00
60,2017,2,Balance General,10,BG,H,B60001,TI,1D0408,Estado Financiero  Individual al Segundo Trimestre  del Año 2017 (En miles de nuevos soles),2,Otras Cuentas por Pagar,           0.00
61,2017,2,Balance General,10,BG,H,B60001,TI,1D0403,Estado Financiero  Individual al Segundo Trimestre  del Año 2017 (En miles de nuevos soles),2,Ingresos Diferidos,           0.00
62,2017,2,Balance General,10,BG,H,B60001,TI,1D0409,Estado Financiero  Individual al Segundo Trimestre  del Año 2017 (En miles de nuevos soles),2,Provisión por Beneficios a los Empleados,           0.00
63,2017,2,Balance General,10,BG,H,B60001,TI,1D0406,Estado Financiero  Individual al Segundo Trimestre  del Año 2017 (En miles de nuevos soles),2,Otras Provisiones,           0.00
64,2017,2,Balance General,10,BG,H,B60001,TI,1D0404,Estado Financiero  Individual al Segundo Trimestre  del Año 2017 (En miles de nuevos soles),2,Pasivos por Impuestos Diferidos,"      33,741.00"
65,2017,2,Balance General,10,BG,H,B60001,TI,1D0412,Estado Financiero  Individual al Segundo Trimestre  del Año 2017 (En miles de nuevos soles),2,"Pasivos por Impuestos Corrientes, no Corriente",           0.00
66,2017,2,Balance General,10,BG,H,B60001,TI,1D0410,Estado Financiero  Individual al Segundo Trimestre  del Año 2017 (En miles de nuevos soles),2,Otros Pasivos no Financieros,           0.00
67,2017,2,Balance General,10,BG,H,B60001,TI,1D04ST,Estado Financiero  Individual al Segundo Trimestre  del Año 2017 (En miles de nuevos soles),2,Total Pasivos No Corrientes,"     723,459.00"
68,2017,2,Balance General,10,BG,H,B60001,TI,1D040T,Estado Financiero  Individual al Segundo Trimestre  del Año 2017 (En miles de nuevos soles),2,Total Pasivos,"     779,513.00"
69,2017,2,Balance General,10,BG,H,B60001,TI,1DT003,Estado Financiero  Individual al Segundo Trimestre  del Año 2017 (En miles de nuevos soles),2,Patrimonio,
70,2017,2,Balance General,10,BG,H,B60001,TI,1D0701,Estado Financiero  Individual al Segundo Trimestre  del Año 2017 (En miles de nuevos soles),2,Capital Emitido,"   1,014,326.00"
71,2017,2,Balance General,10,BG,H,B60001,TI,1D0702,Estado Financiero  Individual al Segundo Trimestre  del Año 2017 (En miles de nuevos soles),2,Primas de Emisión,"      56,850.00"
72,2017,2,Balance General,10,BG,H,B60001,TI,1D0703,Estado Financiero  Individual al Segundo Trimestre  del Año 2017 (En miles de nuevos soles),2,Acciones de Inversión,           0.00
73,2017,2,Balance General,10,BG,H,B60001,TI,1D0711,Estado Financiero  Individual al Segundo Trimestre  del Año 2017 (En miles de nuevos soles),2,Acciones Propias en Cartera,"     -43,145.00"
74,2017,2,Balance General,10,BG,H,B60001,TI,1D0712,Estado Financiero  Individual al Segundo Trimestre  del Año 2017 (En miles de nuevos soles),2,Otras Reservas de Capital,"     162,427.00"
75,2017,2,Balance General,10,BG,H,B60001,TI,1D0707,Estado Financiero  Individual al Segundo Trimestre  del Año 2017 (En miles de nuevos soles),2,Resultados Acumulados,"     360,864.00"
76,2017,2,Balance General,10,BG,H,B60001,TI,1D0708,Estado Financiero  Individual al Segundo Trimestre  del Año 2017 (En miles de nuevos soles),2,Otras Reservas de Patrimonio,"     253,616.00"
77,2017,2,Balance General,10,BG,H,B60001,TI,1D07ST,Estado Financiero  Individual al Segundo Trimestre  del Año 2017 (En miles de nuevos soles),2,Total Patrimonio,"   1,804,938.00"
78,2017,2,Balance General,10,BG,H,B60001,TI,1D070T,Estado Financiero  Individual al Segundo Trimestre  del Año 2017 (En miles de nuevos soles),2,TOTAL PASIVO Y PATRIMONIO,"   2,584,451.00"
79,2017,2,Balance General,10,BG,H,B60001,TI,1D070T,Estado Financiero  Individual al Segundo Trimestre  del Año 2017 (En miles de nuevos soles),2,TOTAL PASIVOS Y PATRIMONIO,"   2,584,451.00"
80,2017,2,Estado de Ganancias y Pérdidas,20,GP,H,B60001,TI,,Estado Financiero  Individual al Segundo Trimestre  del Año 2017 (En miles de nuevos soles),4,ESTADO DE RESULTADOS / INCOME STATEMENT,Por el Trimestre Específico del 1 de Abril de 2017 al 30 de Junio de 2017
81,2017,2,Estado de Ganancias y Pérdidas,20,GP,H,B60001,TI,2D01ST,Estado Financiero  Individual al Segundo Trimestre  del Año 2017 (En miles de nuevos soles),4,Ingresos de Actividades Ordinarias,"      95,518.00"
82,2017,2,Estado de Ganancias y Pérdidas,20,GP,H,B60001,TI,2D0201,Estado Financiero  Individual al Segundo Trimestre  del Año 2017 (En miles de nuevos soles),4,Costo de Ventas,"      -1,205.00"
83,2017,2,Estado de Ganancias y Pérdidas,20,GP,H,B60001,TI,2D02ST,Estado Financiero  Individual al Segundo Trimestre  del Año 2017 (En miles de nuevos soles),4,Ganancia (Pérdida) Bruta,"      94,313.00"
84,2017,2,Estado de Ganancias y Pérdidas,20,GP,H,B60001,TI,2D0302,Estado Financiero  Individual al Segundo Trimestre  del Año 2017 (En miles de nuevos soles),4,Gastos de Ventas y Distribución,           0.00
85,2017,2,Estado de Ganancias y Pérdidas,20,GP,H,B60001,TI,2D0301,Estado Financiero  Individual al Segundo Trimestre  del Año 2017 (En miles de nuevos soles),4,Gastos de Administración,"      -8,490.00"
86,2017,2,Estado de Ganancias y Pérdidas,20,GP,H,B60001,TI,2D0403,Estado Financiero  Individual al Segundo Trimestre  del Año 2017 (En miles de nuevos soles),4,Otros Ingresos Operativos,           0.00
87,2017,2,Estado de Ganancias y Pérdidas,20,GP,H,B60001,TI,2D0404,Estado Financiero  Individual al Segundo Trimestre  del Año 2017 (En miles de nuevos soles),4,Otros Gastos Operativos,        -467.00
88,2017,2,Estado de Ganancias y Pérdidas,20,GP,H,B60001,TI,2D0412,Estado Financiero  Individual al Segundo Trimestre  del Año 2017 (En miles de nuevos soles),4,Otras Ganancias (Pérdidas),           0.00
89,2017,2,Estado de Ganancias y Pérdidas,20,GP,H,B60001,TI,2D03ST,Estado Financiero  Individual al Segundo Trimestre  del Año 2017 (En miles de nuevos soles),4,Ganancia (Pérdida) Operativa,"      85,356.00"
90,2017,2,Estado de Ganancias y Pérdidas,20,GP,H,B60001,TI,2D0407,Estado Financiero  Individual al Segundo Trimestre  del Año 2017 (En miles de nuevos soles),4,Ganancia (Pérdida) de la Baja en Activos Financieros medidos al Costo Amortizado,           0.00
91,2017,2,Estado de Ganancias y Pérdidas,20,GP,H,B60001,TI,2D0401,Estado Financiero  Individual al Segundo Trimestre  del Año 2017 (En miles de nuevos soles),4,Ingresos Financieros,           0.00
92,2017,2,Estado de Ganancias y Pérdidas,20,GP,H,B60001,TI,2D0415,Estado Financiero  Individual al Segundo Trimestre  del Año 2017 (En miles de nuevos soles),4,Ingresos por Intereses calculados usando el Metodo de Interes Efectivo,
93,2017,2,Estado de Ganancias y Pérdidas,20,GP,H,B60001,TI,2D0402,Estado Financiero  Individual al Segundo Trimestre  del Año 2017 (En miles de nuevos soles),4,Gastos Financieros,"      -9,317.00"
94,2017,2,Estado de Ganancias y Pérdidas,20,GP,H,B60001,TI,2D0416,Estado Financiero  Individual al Segundo Trimestre  del Año 2017 (En miles de nuevos soles),4,Ganancia (Pérdida) por Deterioro de Valor (Pérdidas Crediticias Esperadas o Reversiones),
95,2017,2,Estado de Ganancias y Pérdidas,20,GP,H,B60001,TI,2D0414,Estado Financiero  Individual al Segundo Trimestre  del Año 2017 (En miles de nuevos soles),4,"Otros Ingresos (Gastos) de las Subsidiarias, Asociadas y Negocios Conjuntos",           0.00
96,2017,2,Estado de Ganancias y Pérdidas,20,GP,H,B60001,TI,2D0410,Estado Financiero  Individual al Segundo Trimestre  del Año 2017 (En miles de nuevos soles),4,Diferencias de Cambio Neto,        -426.00
97,2017,2,Estado de Ganancias y Pérdidas,20,GP,H,B60001,TI,2D0411,Estado Financiero  Individual al Segundo Trimestre  del Año 2017 (En miles de nuevos soles),4,Ganancias (Pérdidas) por Reclasificación de Activos Financieros a Valor Razonable con cambios en Resultados antes medidos al Costo Amortizado,           0.00
98,2017,2,Estado de Ganancias y Pérdidas,20,GP,H,B60001,TI,2D0417,Estado Financiero  Individual al Segundo Trimestre  del Año 2017 (En miles de nuevos soles),4,Ganancia (Pérdida)  Acumulada en Otro Resultado Integral por Activos Financieros medidos a Valor Razonable reclasificados como cambios en Resultados,
99,2017,2,Estado de Ganancias y Pérdidas,20,GP,H,B60001,TI,2D0418,Estado Financiero  Individual al Segundo Trimestre  del Año 2017 (En miles de nuevos soles),4,Ganancias (Pérdidas) por Cobertura de un Grupo de Partidas con posiciones de Riesgo Compensadoras,
100,2017,2,Estado de Ganancias y Pérdidas,20,GP,H,B60001,TI,2D0413,Estado Financiero  Individual al Segundo Trimestre  del Año 2017 (En miles de nuevos soles),4,Diferencia entre el Importe en Libros de los Activos Distribuidos y el Importe en Libros del Dividendo a pagar,           0.00
101,2017,2,Estado de Ganancias y Pérdidas,20,GP,H,B60001,TI,2D04ST,Estado Financiero  Individual al Segundo Trimestre  del Año 2017 (En miles de nuevos soles),4,Ganancia (Pérdida) antes de Impuestos,"      75,613.00"
102,2017,2,Estado de Ganancias y Pérdidas,20,GP,H,B60001,TI,2D0502,Estado Financiero  Individual al Segundo Trimestre  del Año 2017 (En miles de nuevos soles),4,Ingreso (Gasto) por Impuesto,        -768.00
103,2017,2,Estado de Ganancias y Pérdidas,20,GP,H,B60001,TI,2D0503,Estado Financiero  Individual al Segundo Trimestre  del Año 2017 (En miles de nuevos soles),4,Ganancia (Pérdida) Neta de Operaciones Continuadas,"      74,845.00"
104,2017,2,Estado de Ganancias y Pérdidas,20,GP,H,B60001,TI,2D0504,Estado Financiero  Individual al Segundo Trimestre  del Año 2017 (En miles de nuevos soles),4,"Ganancia (Pérdida) procedente de Operaciones Discontinuadas, neta de Impuesto",           0.00
105,2017,2,Estado de Ganancias y Pérdidas,20,GP,H,B60001,TI,2D07ST,Estado Financiero  Individual al Segundo Trimestre  del Año 2017 (En miles de nuevos soles),4,Ganancia (Pérdida) Neta del Ejercicio,"      74,845.00"
106,2017,2,Estado de Ganancias y Pérdidas,20,GP,H,B60001,TI,2DT007,Estado Financiero  Individual al Segundo Trimestre  del Año 2017 (En miles de nuevos soles),4,Ganancias (Pérdida) por Acción:,
107,2017,2,Estado de Ganancias y Pérdidas,20,GP,H,B60001,TI,2DT008,Estado Financiero  Individual al Segundo Trimestre  del Año 2017 (En miles de nuevos soles),4,Ganancias (Pérdida) Básica por Acción:,
108,2017,2,Estado de Ganancias y Pérdidas,20,GP,H,B60001,TI,2D0905,Estado Financiero  Individual al Segundo Trimestre  del Año 2017 (En miles de nuevos soles),4,Básica por Acción Ordinaria en Operaciones Continuadas,           0.08
109,2017,2,Estado de Ganancias y Pérdidas,20,GP,H,B60001,TI,2D0909,Estado Financiero  Individual al Segundo Trimestre  del Año 2017 (En miles de nuevos soles),4,Básica por Acción Ordinaria en Operaciones Discontinuadas,           0.00
110,2017,2,Estado de Ganancias y Pérdidas,20,GP,H,B60001,TI,2D0911,Estado Financiero  Individual al Segundo Trimestre  del Año 2017 (En miles de nuevos soles),4,Total de Ganancias (Pérdida) Básica por Acción Ordinaria,           0.08
111,2017,2,Estado de Ganancias y Pérdidas,20,GP,H,B60001,TI,2D0906,Estado Financiero  Individual al Segundo Trimestre  del Año 2017 (En miles de nuevos soles),4,Básica por Acción de Inversión en Operaciones Continuadas,           0.00
112,2017,2,Estado de Ganancias y Pérdidas,20,GP,H,B60001,TI,2D0910,Estado Financiero  Individual al Segundo Trimestre  del Año 2017 (En miles de nuevos soles),4,Básica por Acción de Inversión en Operaciones Discontinuadas,           0.00
113,2017,2,Estado de Ganancias y Pérdidas,20,GP,H,B60001,TI,2D0912,Estado Financiero  Individual al Segundo Trimestre  del Año 2017 (En miles de nuevos soles),4,Total de Ganancias (Pérdida) Básica por Acción Inversión,           0.00
114,2017,2,Estado de Ganancias y Pérdidas,20,GP,H,B60001,TI,2DT009,Estado Financiero  Individual al Segundo Trimestre  del Año 2017 (En miles de nuevos soles),4,Ganancias (Pérdida) Diluida por Acción:,
115,2017,2,Estado de Ganancias y Pérdidas,20,GP,H,B60001,TI,2D0907,Estado Financiero  Individual al Segundo Trimestre  del Año 2017 (En miles de nuevos soles),4,Diluida por Acción Ordinaria en Operaciones Continuadas,           0.08
116,2017,2,Estado de Ganancias y Pérdidas,20,GP,H,B60001,TI,2D0913,Estado Financiero  Individual al Segundo Trimestre  del Año 2017 (En miles de nuevos soles),4,Diluida por Acción Ordinaria en Operaciones Discontinuadas,           0.00
117,2017,2,Estado de Ganancias y Pérdidas,20,GP,H,B60001,TI,2D0915,Estado Financiero  Individual al Segundo Trimestre  del Año 2017 (En miles de nuevos soles),4,Total de Ganancias (Pérdida) Diluida por Acción Ordinaria,           0.08
118,2017,2,Estado de Ganancias y Pérdidas,20,GP,H,B60001,TI,2D0908,Estado Financiero  Individual al Segundo Trimestre  del Año 2017 (En miles de nuevos soles),4,Diluida por Acción de Inversión en Operaciones Continuadas,           0.00
119,2017,2,Estado de Ganancias y Pérdidas,20,GP,H,B60001,TI,2D0914,Estado Financiero  Individual al Segundo Trimestre  del Año 2017 (En miles de nuevos soles),4,Diluida por Acción de Inversión en Operaciones Discontinuadas,           0.00
120,2017,2,Estado de Ganancias y Pérdidas,20,GP,H,B60001,TI,2D0916,Estado Financiero  Individual al Segundo Trimestre  del Año 2017 (En miles de nuevos soles),4,Total de Ganancias (Pérdida) Diluida por Acción Inversión,           0.00
121,2017,2,Estado de Resultados Integrales,30,RI,H,B60001,TI,,Estado Financiero  Individual al Segundo Trimestre  del Año 2017 (En miles de nuevos soles),4,ESTADO DE RESULTADOS INTEGRALES / STATEMENT OF COMPREHENSIVE INCOME,Por el Trimestre Específico del 1 de Abril de 2017 al 30 de Junio de 2017
122,2017,2,Estado de Resultados Integrales,30,RI,H,B60001,TI,5D0101,Estado Financiero  Individual al Segundo Trimestre  del Año 2017 (En miles de nuevos soles),4,Ganancia (Pérdida)  Neta del Ejercicio,"      74,845.00"
123,2017,2,Estado de Resultados Integrales,30,RI,H,B60001,TI,5DT001,Estado Financiero  Individual al Segundo Trimestre  del Año 2017 (En miles de nuevos soles),4,"Componente de Otro Resultado Integral que no se Reclasificaran al Resultado del Período, neto de Impuestos:",
124,2017,2,Estado de Resultados Integrales,30,RI,H,B60001,TI,5D0104,Estado Financiero  Individual al Segundo Trimestre  del Año 2017 (En miles de nuevos soles),4,"Ganancias (Pérdidas) de Inversiones en Instrumentos de Patrimonio al Valor Razonable, neto de Impuestos",           0.00
125,2017,2,Estado de Resultados Integrales,30,RI,H,B60001,TI,5D0107,Estado Financiero  Individual al Segundo Trimestre  del Año 2017 (En miles de nuevos soles),4,"Superávit de Revaluación, neto de Impuestos",           0.00
126,2017,2,Estado de Resultados Integrales,30,RI,H,B60001,TI,5D0111,Estado Financiero  Individual al Segundo Trimestre  del Año 2017 (En miles de nuevos soles),4,"Ganancia (Pérdida) de Nuevas Mediciones de Planes de Beneficios Definidos, neto de Impuestos",
127,2017,2,Estado de Resultados Integrales,30,RI,H,B60001,TI,5D0112,Estado Financiero  Individual al Segundo Trimestre  del Año 2017 (En miles de nuevos soles),4,"Cambios en el Valor Razonable de Pasivos Financieros Atribuibles a Cambios en el Riesgo de Crédito del Pasivo, neto de Impuestos",           0.00
128,2017,2,Estado de Resultados Integrales,30,RI,H,B60001,TI,5D0113,Estado Financiero  Individual al Segundo Trimestre  del Año 2017 (En miles de nuevos soles),4,"Instrumentos de Cobertura que Cubren Inversiones en Instrumentos de Patrimonio, neto de Impuestos",
129,2017,2,Estado de Resultados Integrales,30,RI,H,B60001,TI,5D0106,Estado Financiero  Individual al Segundo Trimestre  del Año 2017 (En miles de nuevos soles),4,"Participación en Otro Resultado Integral de Subsidiarias, Asociadas y Negocios Conjuntos Contabilizados por el Método de Participación, neto de Impuestos",
130,2017,2,Estado de Resultados Integrales,30,RI,H,B60001,TI,5D0114,Estado Financiero  Individual al Segundo Trimestre  del Año 2017 (En miles de nuevos soles),4,"Total Otro Resultado Integral que no se Reclasificará al Resultado del Periodo, neto de Impuestos",
131,2017,2,Estado de Resultados Integrales,30,RI,H,B60001,TI,5DT002,Estado Financiero  Individual al Segundo Trimestre  del Año 2017 (En miles de nuevos soles),4,Componentes de Otro Resultado Integral que se Reclasificaran al Resultado del Periodo neto de Impuestos,
132,2017,2,Estado de Resultados Integrales,30,RI,H,B60001,TI,5D0103,Estado Financiero  Individual al Segundo Trimestre  del Año 2017 (En miles de nuevos soles),4,Coberturas del Flujo de Efectivo,           0.00
133,2017,2,Estado de Resultados Integrales,30,RI,H,B60001,TI,5D0115,Estado Financiero  Individual al Segundo Trimestre  del Año 2017 (En miles de nuevos soles),4,"Ganancias (Pérdidas) por Cobertura de Flujos de Efectivo, neto de Impuestos",           0.00
134,2017,2,Estado de Resultados Integrales,30,RI,H,B60001,TI,5D0116,Estado Financiero  Individual al Segundo Trimestre  del Año 2017 (En miles de nuevos soles),4,"Ajustes de Reclasificación en Coberturas de Flujos de Efectivo, neto de Impuestos",           0.00
135,2017,2,Estado de Resultados Integrales,30,RI,H,B60001,TI,5D0117,Estado Financiero  Individual al Segundo Trimestre  del Año 2017 (En miles de nuevos soles),4,"Importes Eliminados del Patrimonio E Incluidos en el Importe en Libros de Activos (Pasivos) no Financieros que se Hayan Adquirido o Incurrido Mediante Una Transacción Prevista Altamente Probable Cubierta, neto de Impuestos",           0.00
136,2017,2,Estado de Resultados Integrales,30,RI,H,B60001,TI,5D0109,Estado Financiero  Individual al Segundo Trimestre  del Año 2017 (En miles de nuevos soles),4,Coberturas de Inversiones netas en Negocios en el Extranjero,           0.00
137,2017,2,Estado de Resultados Integrales,30,RI,H,B60001,TI,5D0118,Estado Financiero  Individual al Segundo Trimestre  del Año 2017 (En miles de nuevos soles),4,"Ganancias (Pérdidas) por Cobertura de Inversiones netas en Negocios en el Extranjero, neto de Impuesto",           0.00
138,2017,2,Estado de Resultados Integrales,30,RI,H,B60001,TI,5D0119,Estado Financiero  Individual al Segundo Trimestre  del Año 2017 (En miles de nuevos soles),4,"Ajustes de Reclasificación por Coberturas de Inversiones netas en Negocios en el Extranjero, neto de Impuestos",           0.00
139,2017,2,Estado de Resultados Integrales,30,RI,H,B60001,TI,5D0105,Estado Financiero  Individual al Segundo Trimestre  del Año 2017 (En miles de nuevos soles),4,Diferencia de Cambio por Conversión de Operaciones en el Extranjero,         340.00
140,2017,2,Estado de Resultados Integrales,30,RI,H,B60001,TI,5D0120,Estado Financiero  Individual al Segundo Trimestre  del Año 2017 (En miles de nuevos soles),4,"Ganancias (Pérdidas) por Diferencias de Cambio de Conversión de Operaciones en el Extranjero, netas de Impuesto",         340.00
141,2017,2,Estado de Resultados Integrales,30,RI,H,B60001,TI,5D0121,Estado Financiero  Individual al Segundo Trimestre  del Año 2017 (En miles de nuevos soles),4,"Ajustes de Reclasificación en Diferencia de Cambio de Conversión de Operaciones en el Extranjero, netos de Impuestos",           0.00
142,2017,2,Estado de Resultados Integrales,30,RI,H,B60001,TI,5D0110,Estado Financiero  Individual al Segundo Trimestre  del Año 2017 (En miles de nuevos soles),4,Variación neta de Activos no Corrientes o Grupos de Activos Mantenidos para la Venta,           0.00
143,2017,2,Estado de Resultados Integrales,30,RI,H,B60001,TI,5D0124,Estado Financiero  Individual al Segundo Trimestre  del Año 2017 (En miles de nuevos soles),4,Activos Financieros Disponibles para la Venta,           0.00
144,2017,2,Estado de Resultados Integrales,30,RI,H,B60001,TI,5D0122,Estado Financiero  Individual al Segundo Trimestre  del Año 2017 (En miles de nuevos soles),4,"Ganancias (Pérdidas) por Nuevas Mediciones de Activos Financieros Disponibles para la Venta, netas de Impuestos",           0.00
145,2017,2,Estado de Resultados Integrales,30,RI,H,B60001,TI,5D0122,Estado Financiero  Individual al Segundo Trimestre  del Año 2017 (En miles de nuevos soles),4,"Ganancias (Pérdidas) por Nuevas Mediciones de Activos Financieros Disponibles para la Venta, neto de Impuestos",           0.00
146,2017,2,Estado de Resultados Integrales,30,RI,H,B60001,TI,5D0123,Estado Financiero  Individual al Segundo Trimestre  del Año 2017 (En miles de nuevos soles),4,"Ajustes de Reclasificación, Activos Financieros Disponibles para la Venta, neto de Impuestos",           0.00
147,2017,2,Estado de Resultados Integrales,30,RI,H,B60001,TI,5D0127,Estado Financiero  Individual al Segundo Trimestre  del Año 2017 (En miles de nuevos soles),4,Cambios en el Valor Temporal del Dinero de Opciones,
148,2017,2,Estado de Resultados Integrales,30,RI,H,B60001,TI,5D0125,Estado Financiero  Individual al Segundo Trimestre  del Año 2017 (En miles de nuevos soles),4,"Ganancia (Pérdida) por Cambios en el Valor Temporal del Dinero de Opciones, neto de Impuestos",
149,2017,2,Estado de Resultados Integrales,30,RI,H,B60001,TI,5D0126,Estado Financiero  Individual al Segundo Trimestre  del Año 2017 (En miles de nuevos soles),4,"Ajustes de Reclasificación por Cambios en el Valor Temporal del Dinero de Opciones, neto de Impuestos",
150,2017,2,Estado de Resultados Integrales,30,RI,H,B60001,TI,5D0130,Estado Financiero  Individual al Segundo Trimestre  del Año 2017 (En miles de nuevos soles),4,Cambios en el Valor de los Elementos del Contrato a Término,
151,2017,2,Estado de Resultados Integrales,30,RI,H,B60001,TI,5D0128,Estado Financiero  Individual al Segundo Trimestre  del Año 2017 (En miles de nuevos soles),4,"Ganancia (Pérdida) por Cambios en el Valor de los Elementos de Contratos a Término, neta de Impuestos",
152,2017,2,Estado de Resultados Integrales,30,RI,H,B60001,TI,5D0129,Estado Financiero  Individual al Segundo Trimestre  del Año 2017 (En miles de nuevos soles),4,"Ajustes de Reclasificación por Cambios en el Valor de los Elementos de Contratos a Término, neto de Impuestos",
153,2017,2,Estado de Resultados Integrales,30,RI,H,B60001,TI,5D0133,Estado Financiero  Individual al Segundo Trimestre  del Año 2017 (En miles de nuevos soles),4,Cambio en el Valor de los Diferenciales de Tasa de Cambio de Moneda Extranjera,
154,2017,2,Estado de Resultados Integrales,30,RI,H,B60001,TI,5D0131,Estado Financiero  Individual al Segundo Trimestre  del Año 2017 (En miles de nuevos soles),4,"Ganancia (Pérdida) por Cambios en el Valor de los Diferenciales de la Tasa de Cambio de la Moneda Extranjera, neto de Impuestos",
155,2017,2,Estado de Resultados Integrales,30,RI,H,B60001,TI,5D0132,Estado Financiero  Individual al Segundo Trimestre  del Año 2017 (En miles de nuevos soles),4,"Ajustes de Reclasificación por Cambios en el Valor de los Diferenciales de la Tasa de Cambio de la Moneda Extranjera, netos de Impuestos",
156,2017,2,Estado de Resultados Integrales,30,RI,H,B60001,TI,5D0137,Estado Financiero  Individual al Segundo Trimestre  del Año 2017 (En miles de nuevos soles),4,Activos Financieros Medidos al Valor Razonable con Cambios en Otro Resultado Integral,
157,2017,2,Estado de Resultados Integrales,30,RI,H,B60001,TI,5D0134,Estado Financiero  Individual al Segundo Trimestre  del Año 2017 (En miles de nuevos soles),4,"Ganancias (Pérdidas) por Activos Financieros Medidos al Valor Razonable con Cambios en Otro Resultado Integral, neta de Impuestos",
158,2017,2,Estado de Resultados Integrales,30,RI,H,B60001,TI,5D0135,Estado Financiero  Individual al Segundo Trimestre  del Año 2017 (En miles de nuevos soles),4,"Ajustes de Reclasificación sobre Activos Financieros Medidos al Valor Razonable con Cambios en Otro Resultado Integral, netos de Impuestos",
159,2017,2,Estado de Resultados Integrales,30,RI,H,B60001,TI,5D0136,Estado Financiero  Individual al Segundo Trimestre  del Año 2017 (En miles de nuevos soles),4,"Importes Eliminados del Patrimonio Contra el Valor Razonable de Activos Financieros, por Su Reclasificación a Activos Financieros al Costo Amortizado, neto de Impuestos",
160,2017,2,Estado de Resultados Integrales,30,RI,H,B60001,TI,5D0138,Estado Financiero  Individual al Segundo Trimestre  del Año 2017 (En miles de nuevos soles),4,"Participacion de Otro Resultado Integral de Subsidiarias, Asociadas y Negocios Conjuntos Contabilizados Utilizando el Método de la Participación, neto de Impuestos",
161,2017,2,Estado de Resultados Integrales,30,RI,H,B60001,TI,5D0139,Estado Financiero  Individual al Segundo Trimestre  del Año 2017 (En miles de nuevos soles),4,"Total Otro Resultado Integral que se Reclasificará al Resultado del Periodo, neto de Impuestos",
162,2017,2,Estado de Resultados Integrales,30,RI,H,B60001,TI,5D03ST,Estado Financiero  Individual al Segundo Trimestre  del Año 2017 (En miles de nuevos soles),4,Total Otro Resultado Integral,         340.00
163,2017,2,Estado de Resultados Integrales,30,RI,H,B60001,TI,5D04ST,Estado Financiero  Individual al Segundo Trimestre  del Año 2017 (En miles de nuevos soles),4,"Total Resultado Integral del Ejercicio, neto de Impuesto","      75,185.00"
164,2017,2,Estado de Cambios en el Patrimonio,40,CP,H,B60001,TI,,Estado Financiero  Individual al Segundo Trimestre  del Año 2017 (En miles de nuevos soles),23,ESTADO DE CAMBIOS EN EL PATRIMONIO NETO Del 01/01/2017 al 30/06/2017 (En miles de nuevos soles),Capital Emitido
165,2017,2,Estado de Cambios en el Patrimonio,40,CP,H,B60001,TI,4D0101,Estado Financiero  Individual al Segundo Trimestre  del Año 2017 (En miles de nuevos soles),23,Saldos al 01 de Enero del año 2016,"           1,014,326"
166,2017,2,Estado de Cambios en el Patrimonio,40,CP,H,B60001,TI,4D0126,Estado Financiero  Individual al Segundo Trimestre  del Año 2017 (En miles de nuevos soles),23,1. Cambios en Políticas Contables,                   0
167,2017,2,Estado de Cambios en el Patrimonio,40,CP,H,B60001,TI,4D0127,Estado Financiero  Individual al Segundo Trimestre  del Año 2017 (En miles de nuevos soles),23,2. Corrección de Errores,                   0
168,2017,2,Estado de Cambios en el Patrimonio,40,CP,H,B60001,TI,4D0128,Estado Financiero  Individual al Segundo Trimestre  del Año 2017 (En miles de nuevos soles),23,3. Saldo Inicial Reexpresado,"           1,014,326"
169,2017,2,Estado de Cambios en el Patrimonio,40,CP,H,B60001,TI,4DT004,Estado Financiero  Individual al Segundo Trimestre  del Año 2017 (En miles de nuevos soles),23,4. Cambios en Patrimonio:,
170,2017,2,Estado de Cambios en el Patrimonio,40,CP,H,B60001,TI,4DT005,Estado Financiero  Individual al Segundo Trimestre  del Año 2017 (En miles de nuevos soles),23,5. Resultado Integral:,
171,2017,2,Estado de Cambios en el Patrimonio,40,CP,H,B60001,TI,4D0129,Estado Financiero  Individual al Segundo Trimestre  del Año 2017 (En miles de nuevos soles),23,6. Ganancia (Pérdida) Neta del Ejercicio,                   0
172,2017,2,Estado de Cambios en el Patrimonio,40,CP,H,B60001,TI,4D0130,Estado Financiero  Individual al Segundo Trimestre  del Año 2017 (En miles de nuevos soles),23,7. Otro Resultado Integral,                   0
173,2017,2,Estado de Cambios en el Patrimonio,40,CP,H,B60001,TI,4D0131,Estado Financiero  Individual al Segundo Trimestre  del Año 2017 (En miles de nuevos soles),23,"8. Total Resultado Integral del Ejercicio, neto de Impuesto",                   0
174,2017,2,Estado de Cambios en el Patrimonio,40,CP,H,B60001,TI,4D0104,Estado Financiero  Individual al Segundo Trimestre  del Año 2017 (En miles de nuevos soles),23,9. Dividendos en Efectivo Declarados,                   0
175,2017,2,Estado de Cambios en el Patrimonio,40,CP,H,B60001,TI,4D0105,Estado Financiero  Individual al Segundo Trimestre  del Año 2017 (En miles de nuevos soles),23,10. Emisión (reducción) de patrimonio,                   0
176,2017,2,Estado de Cambios en el Patrimonio,40,CP,H,B60001,TI,4D0132,Estado Financiero  Individual al Segundo Trimestre  del Año 2017 (En miles de nuevos soles),23,11. Reducción o Amortización de Acciones de Inversión,                   0
177,2017,2,Estado de Cambios en el Patrimonio,40,CP,H,B60001,TI,4D0133,Estado Financiero  Individual al Segundo Trimestre  del Año 2017 (En miles de nuevos soles),23,12. Incremento (Disminución) por otras Aportaciones de los Propietarios,                   0
178,2017,2,Estado de Cambios en el Patrimonio,40,CP,H,B60001,TI,4D0134,Estado Financiero  Individual al Segundo Trimestre  del Año 2017 (En miles de nuevos soles),23,13. Disminución (Incremento) por otras Distribuciones a los Propietarios,                   0
179,2017,2,Estado de Cambios en el Patrimonio,40,CP,H,B60001,TI,4D0135,Estado Financiero  Individual al Segundo Trimestre  del Año 2017 (En miles de nuevos soles),23,14. Incremento (Disminución) por cambios en las participaciones de subsidiarias que no impliquen pérdida de control,                   0
180,2017,2,Estado de Cambios en el Patrimonio,40,CP,H,B60001,TI,4D0137,Estado Financiero  Individual al Segundo Trimestre  del Año 2017 (En miles de nuevos soles),23,15. Importe eliminado de reservas de coberturas de flujos de efectivo e incluido en el costo inicial u otro importe en libros de activos (pasivos) no financieros o compromisos en firme para los que se aplica la contabilidad de coberturas del valor razonable,
181,2017,2,Estado de Cambios en el Patrimonio,40,CP,H,B60001,TI,4D0138,Estado Financiero  Individual al Segundo Trimestre  del Año 2017 (En miles de nuevos soles),23,16. Importe eliminado de reservas de cambios en el valor temporal del dinero de opciones e incluido en el costo inicial u otro importe en libros de activos (pasivos) no financieros o compromisos en firme para los que se aplica la contabilidad de coberturas del valor razonable,
182,2017,2,Estado de Cambios en el Patrimonio,40,CP,H,B60001,TI,4D0139,Estado Financiero  Individual al Segundo Trimestre  del Año 2017 (En miles de nuevos soles),23,17. Importe eliminado de reservas de cambios en el valor de los elementos a término de contratos a término e incluido en el costo inicial u otro importe en libros de activos (pasivos) no financieros o compromisos en firme para los que se aplica la contabilidad de coberturas del valor razonable,
183,2017,2,Estado de Cambios en el Patrimonio,40,CP,H,B60001,TI,4D0140,Estado Financiero  Individual al Segundo Trimestre  del Año 2017 (En miles de nuevos soles),23,18. Importe eliminado de reservas de cambios en el valor de los diferenciales de tasa cambio de moneda extranjera e incluido en el costo inicial u otro importe en libros de activos (pasivos) no financieros o compromisos en firme para los que se aplica la contabilidad de coberturas del valor razonable,
184,2017,2,Estado de Cambios en el Patrimonio,40,CP,H,B60001,TI,4D0141,Estado Financiero  Individual al Segundo Trimestre  del Año 2017 (En miles de nuevos soles),23,19. Incremento (Disminución) por transacciones con pagos basados en acciones,                   0
185,2017,2,Estado de Cambios en el Patrimonio,40,CP,H,B60001,TI,4D0114,Estado Financiero  Individual al Segundo Trimestre  del Año 2017 (En miles de nuevos soles),23,20. Incremento (Disminución) por transacciones con acciones propias en cartera,                   0
186,2017,2,Estado de Cambios en el Patrimonio,40,CP,H,B60001,TI,4D0112,Estado Financiero  Individual al Segundo Trimestre  del Año 2017 (En miles de nuevos soles),23,21. Incremento (Disminución) por Transferencia y Otros Cambios de patrimonio,                   0
187,2017,2,Estado de Cambios en el Patrimonio,40,CP,H,B60001,TI,4D0136,Estado Financiero  Individual al Segundo Trimestre  del Año 2017 (En miles de nuevos soles),23,Total incremento (disminución) en el patrimonio,                   0
188,2017,2,Estado de Cambios en el Patrimonio,40,CP,H,B60001,TI,4D01ST,Estado Financiero  Individual al Segundo Trimestre  del Año 2017 (En miles de nuevos soles),23,Saldos al 30 de Junio del año 2016,"           1,014,326"
189,2017,2,Estado de Cambios en el Patrimonio,40,CP,H,B60001,TI,4D0201,Estado Financiero  Individual al Segundo Trimestre  del Año 2017 (En miles de nuevos soles),23,Saldos al 01 de Enero del año 2017,"           1,014,326"
190,2017,2,Estado de Cambios en el Patrimonio,40,CP,H,B60001,TI,4D0226,Estado Financiero  Individual al Segundo Trimestre  del Año 2017 (En miles de nuevos soles),23,1. Cambios en Políticas Contables,                   0
191,2017,2,Estado de Cambios en el Patrimonio,40,CP,H,B60001,TI,4D0227,Estado Financiero  Individual al Segundo Trimestre  del Año 2017 (En miles de nuevos soles),23,2. Corrección de Errores,                   0
192,2017,2,Estado de Cambios en el Patrimonio,40,CP,H,B60001,TI,4D0228,Estado Financiero  Individual al Segundo Trimestre  del Año 2017 (En miles de nuevos soles),23,3. Saldo Inicial Reexpresado,"           1,014,326"
193,2017,2,Estado de Cambios en el Patrimonio,40,CP,H,B60001,TI,4DT007,Estado Financiero  Individual al Segundo Trimestre  del Año 2017 (En miles de nuevos soles),23,4. Cambios en Patrimonio:,
194,2017,2,Estado de Cambios en el Patrimonio,40,CP,H,B60001,TI,4DT008,Estado Financiero  Individual al Segundo Trimestre  del Año 2017 (En miles de nuevos soles),23,5. Resultado Integral:,
195,2017,2,Estado de Cambios en el Patrimonio,40,CP,H,B60001,TI,4D0229,Estado Financiero  Individual al Segundo Trimestre  del Año 2017 (En miles de nuevos soles),23,6. Ganancia (Pérdida) Neta del Ejercicio,                   0
196,2017,2,Estado de Cambios en el Patrimonio,40,CP,H,B60001,TI,4D0230,Estado Financiero  Individual al Segundo Trimestre  del Año 2017 (En miles de nuevos soles),23,7. Otro Resultado Integral,                   0
197,2017,2,Estado de Cambios en el Patrimonio,40,CP,H,B60001,TI,4D0231,Estado Financiero  Individual al Segundo Trimestre  del Año 2017 (En miles de nuevos soles),23,"8. Total Resultado Integral del Ejercicio, neto de Impuesto",                   0
198,2017,2,Estado de Cambios en el Patrimonio,40,CP,H,B60001,TI,4D0204,Estado Financiero  Individual al Segundo Trimestre  del Año 2017 (En miles de nuevos soles),23,9. Dividendos en Efectivo Declarados,                   0
199,2017,2,Estado de Cambios en el Patrimonio,40,CP,H,B60001,TI,4D0205,Estado Financiero  Individual al Segundo Trimestre  del Año 2017 (En miles de nuevos soles),23,10. Emisión (reducción) de patrimonio,                   0
200,2017,2,Estado de Cambios en el Patrimonio,40,CP,H,B60001,TI,4D0232,Estado Financiero  Individual al Segundo Trimestre  del Año 2017 (En miles de nuevos soles),23,11. Reducción o Amortización de Acciones de Inversión,                   0
201,2017,2,Estado de Cambios en el Patrimonio,40,CP,H,B60001,TI,4D0233,Estado Financiero  Individual al Segundo Trimestre  del Año 2017 (En miles de nuevos soles),23,12. Incremento (Disminución) por otras Aportaciones de los Propietarios,                   0
202,2017,2,Estado de Cambios en el Patrimonio,40,CP,H,B60001,TI,4D0234,Estado Financiero  Individual al Segundo Trimestre  del Año 2017 (En miles de nuevos soles),23,13. Disminución (Incremento) por otras Distribuciones a los Propietarios,                   0
203,2017,2,Estado de Cambios en el Patrimonio,40,CP,H,B60001,TI,4D0235,Estado Financiero  Individual al Segundo Trimestre  del Año 2017 (En miles de nuevos soles),23,14. Incremento (Disminución) por cambios en las participaciones de subsidiarias que no impliquen pérdida de control,                   0
204,2017,2,Estado de Cambios en el Patrimonio,40,CP,H,B60001,TI,4D0237,Estado Financiero  Individual al Segundo Trimestre  del Año 2017 (En miles de nuevos soles),23,15. Importe eliminado de reservas de coberturas de flujos de efectivo e incluido en el costo inicial u otro importe en libros de activos (pasivos) no financieros o compromisos en firme para los que se aplica la contabilidad de coberturas del valor razonable,
205,2017,2,Estado de Cambios en el Patrimonio,40,CP,H,B60001,TI,4D0238,Estado Financiero  Individual al Segundo Trimestre  del Año 2017 (En miles de nuevos soles),23,16. Importe eliminado de reservas de cambios en el valor temporal del dinero de opciones e incluido en el costo inicial u otro importe en libros de activos (pasivos) no financieros o compromisos en firme para los que se aplica la contabilidad de coberturas del valor razonable,
206,2017,2,Estado de Cambios en el Patrimonio,40,CP,H,B60001,TI,4D0239,Estado Financiero  Individual al Segundo Trimestre  del Año 2017 (En miles de nuevos soles),23,17. Importe eliminado de reservas de cambios en el valor de los elementos a término de contratos a término e incluido en el costo inicial u otro importe en libros de activos (pasivos) no financieros o compromisos en firme para los que se aplica la contabilidad de coberturas del valor razonable,
207,2017,2,Estado de Cambios en el Patrimonio,40,CP,H,B60001,TI,4D0240,Estado Financiero  Individual al Segundo Trimestre  del Año 2017 (En miles de nuevos soles),23,18. Importe eliminado de reservas de cambios en el valor de los diferenciales de tasa cambio de moneda extranjera e incluido en el costo inicial u otro importe en libros de activos (pasivos) no financieros o compromisos en firme para los que se aplica la contabilidad de coberturas del valor razonable,
208,2017,2,Estado de Cambios en el Patrimonio,40,CP,H,B60001,TI,4D0241,Estado Financiero  Individual al Segundo Trimestre  del Año 2017 (En miles de nuevos soles),23,19. Incremento (Disminución) por transacciones con pagos basados en acciones,
209,2017,2,Estado de Cambios en el Patrimonio,40,CP,H,B60001,TI,4D0214,Estado Financiero  Individual al Segundo Trimestre  del Año 2017 (En miles de nuevos soles),23,20. Incremento (Disminución) por transacciones con acciones propias en cartera,                   0
210,2017,2,Estado de Cambios en el Patrimonio,40,CP,H,B60001,TI,4D0212,Estado Financiero  Individual al Segundo Trimestre  del Año 2017 (En miles de nuevos soles),23,21. Incremento (Disminución) por Transferencia y Otros Cambios de patrimonio,                   0
211,2017,2,Estado de Cambios en el Patrimonio,40,CP,H,B60001,TI,4D0236,Estado Financiero  Individual al Segundo Trimestre  del Año 2017 (En miles de nuevos soles),23,Total incremento (disminución) en el patrimonio,                   0
212,2017,2,Estado de Cambios en el Patrimonio,40,CP,H,B60001,TI,4D02ST,Estado Financiero  Individual al Segundo Trimestre  del Año 2017 (En miles de nuevos soles),23,Saldos al 30 de Junio del año 2017,"           1,014,326"
213,2017,2,Estado de Flujos de Efectivo,45,FE,H,B60001,TI,,Estado Financiero  Individual al Segundo Trimestre  del Año 2017 (En miles de nuevos soles),2,ESTADO DE FLUJOS DE EFECTIVO,30/06/2017
214,2017,2,Estado de Flujos de Efectivo,45,FE,H,B60001,TI,3DT001,Estado Financiero  Individual al Segundo Trimestre  del Año 2017 (En miles de nuevos soles),2,Flujo de Efectivo de Actividades de Operación,
215,2017,2,Estado de Flujos de Efectivo,45,FE,H,B60001,TI,3DT011,Estado Financiero  Individual al Segundo Trimestre  del Año 2017 (En miles de nuevos soles),2,Clases de Cobros en Efectivo por Actividades de Operación,
216,2017,2,Estado de Flujos de Efectivo,45,FE,H,B60001,TI,3D0101,Estado Financiero  Individual al Segundo Trimestre  del Año 2017 (En miles de nuevos soles),2,Venta de Bienes y Prestación de Servicios,"      21,911.00"
217,2017,2,Estado de Flujos de Efectivo,45,FE,H,B60001,TI,3D0112,Estado Financiero  Individual al Segundo Trimestre  del Año 2017 (En miles de nuevos soles),2,"Regalías, Cuotas, Comisiones, Otros Ingresos de Actividades Ordinarias",           0.00
218,2017,2,Estado de Flujos de Efectivo,45,FE,H,B60001,TI,3D0110,Estado Financiero  Individual al Segundo Trimestre  del Año 2017 (En miles de nuevos soles),2,Contratos Mantenidos con Propósito de Intermediación o para Negociar,           0.00
219,2017,2,Estado de Flujos de Efectivo,45,FE,H,B60001,TI,3D0117,Estado Financiero  Individual al Segundo Trimestre  del Año 2017 (En miles de nuevos soles),2,Arrendamiento y Posterior Venta de Activos Mantenidos para Arrendar a Terceros,           0.00
220,2017,2,Estado de Flujos de Efectivo,45,FE,H,B60001,TI,3D0104,Estado Financiero  Individual al Segundo Trimestre  del Año 2017 (En miles de nuevos soles),2,Otros Cobros de Efectivo Relativos a las Actividades de Operación,           0.00
221,2017,2,Estado de Flujos de Efectivo,45,FE,H,B60001,TI,3DT002,Estado Financiero  Individual al Segundo Trimestre  del Año 2017 (En miles de nuevos soles),2,Clases de Pagos en Efectivo por Actividades de Operación,
222,2017,2,Estado de Flujos de Efectivo,45,FE,H,B60001,TI,3D0109,Estado Financiero  Individual al Segundo Trimestre  del Año 2017 (En miles de nuevos soles),2,Proveedores de Bienes y Servicios,"     -17,186.00"
223,2017,2,Estado de Flujos de Efectivo,45,FE,H,B60001,TI,3D0118,Estado Financiero  Individual al Segundo Trimestre  del Año 2017 (En miles de nuevos soles),2,Contratos Mantenidos con Propósito de Intermediación o para Negociar,           0.00
224,2017,2,Estado de Flujos de Efectivo,45,FE,H,B60001,TI,3D0105,Estado Financiero  Individual al Segundo Trimestre  del Año 2017 (En miles de nuevos soles),2,Pagos a y por Cuenta de los Empleados,"     -15,951.00"
225,2017,2,Estado de Flujos de Efectivo,45,FE,H,B60001,TI,3D0119,Estado Financiero  Individual al Segundo Trimestre  del Año 2017 (En miles de nuevos soles),2,Elaboración o Adquisición de Activos para Arrendar y Otros Mantenidos para la Venta,           0.00
226,2017,2,Estado de Flujos de Efectivo,45,FE,H,B60001,TI,3D0108,Estado Financiero  Individual al Segundo Trimestre  del Año 2017 (En miles de nuevos soles),2,Otros Pagos de Efectivo Relativos a las Actividades de Operación,           0.00
227,2017,2,Estado de Flujos de Efectivo,45,FE,H,B60001,TI,3D0121,Estado Financiero  Individual al Segundo Trimestre  del Año 2017 (En miles de nuevos soles),2,Flujos de Efectivo y Equivalente al Efectivo procedente de (utilizados en) Operaciones,"     -11,226.00"
228,2017,2,Estado de Flujos de Efectivo,45,FE,H,B60001,TI,3D0103,Estado Financiero  Individual al Segundo Trimestre  del Año 2017 (En miles de nuevos soles),2,Intereses Recibidos (no incluidos en la Actividad de Inversión),           0.00
229,2017,2,Estado de Flujos de Efectivo,45,FE,H,B60001,TI,3D0107,Estado Financiero  Individual al Segundo Trimestre  del Año 2017 (En miles de nuevos soles),2,Intereses Pagados (no incluidos en la Actividad de Financiación),           0.00
230,2017,2,Estado de Flujos de Efectivo,45,FE,H,B60001,TI,3D0111,Estado Financiero  Individual al Segundo Trimestre  del Año 2017 (En miles de nuevos soles),2,Dividendos Recibidos (no incluidos en la Actividad de Inversión),"      96,639.00"
231,2017,2,Estado de Flujos de Efectivo,45,FE,H,B60001,TI,3D0116,Estado Financiero  Individual al Segundo Trimestre  del Año 2017 (En miles de nuevos soles),2,Dividendos Pagados (no incluidos en la Actividad de Financiación),           0.00
232,2017,2,Estado de Flujos de Efectivo,45,FE,H,B60001,TI,3D0120,Estado Financiero  Individual al Segundo Trimestre  del Año 2017 (En miles de nuevos soles),2,Impuestos a las Ganancias (Pagados) Reembolsados,"      -1,712.00"
233,2017,2,Estado de Flujos de Efectivo,45,FE,H,B60001,TI,3D0122,Estado Financiero  Individual al Segundo Trimestre  del Año 2017 (En miles de nuevos soles),2,Otros Cobros (Pagos) de Efectivo,         -55.00
234,2017,2,Estado de Flujos de Efectivo,45,FE,H,B60001,TI,3D01ST,Estado Financiero  Individual al Segundo Trimestre  del Año 2017 (En miles de nuevos soles),2,Flujos de Efectivo y Equivalente al Efectivo procedente de (utilizados en) Actividades de Operación,"      83,646.00"
235,2017,2,Estado de Flujos de Efectivo,45,FE,H,B60001,TI,3DT003,Estado Financiero  Individual al Segundo Trimestre  del Año 2017 (En miles de nuevos soles),2,Flujo de Efectivo de Actividades de Inversión,
236,2017,2,Estado de Flujos de Efectivo,45,FE,H,B60001,TI,3DT012,Estado Financiero  Individual al Segundo Trimestre  del Año 2017 (En miles de nuevos soles),2,Clases de Cobros en Efectivo por Actividades de Inversión,
237,2017,2,Estado de Flujos de Efectivo,45,FE,H,B60001,TI,3D0220,Estado Financiero  Individual al Segundo Trimestre  del Año 2017 (En miles de nuevos soles),2,Reembolso de Adelantos de Préstamos y Préstamos Concedidos a Terceros,           0.00
238,2017,2,Estado de Flujos de Efectivo,45,FE,H,B60001,TI,3D0218,Estado Financiero  Individual al Segundo Trimestre  del Año 2017 (En miles de nuevos soles),2,Pérdida de Control de Subsidiarias u Otros Negocios,           0.00
239,2017,2,Estado de Flujos de Efectivo,45,FE,H,B60001,TI,3D0209,Estado Financiero  Individual al Segundo Trimestre  del Año 2017 (En miles de nuevos soles),2,Reembolsos Recibidos de Préstamos a Entidades Relacionadas,           0.00
240,2017,2,Estado de Flujos de Efectivo,45,FE,H,B60001,TI,3D0201,Estado Financiero  Individual al Segundo Trimestre  del Año 2017 (En miles de nuevos soles),2,Venta de Instrumentos Financieros de Patrimonio o Deuda de Otras Entidades,           0.00
241,2017,2,Estado de Flujos de Efectivo,45,FE,H,B60001,TI,3D0221,Estado Financiero  Individual al Segundo Trimestre  del Año 2017 (En miles de nuevos soles),2,"Contratos Derivados (Futuro, a Término, Opciones)",           0.00
242,2017,2,Estado de Flujos de Efectivo,45,FE,H,B60001,TI,3D0222,Estado Financiero  Individual al Segundo Trimestre  del Año 2017 (En miles de nuevos soles),2,"Venta de Participaciones en Negocios Conjuntos, Neto Del Efectivo Desapropiado",           0.00
243,2017,2,Estado de Flujos de Efectivo,45,FE,H,B60001,TI,3D0202,Estado Financiero  Individual al Segundo Trimestre  del Año 2017 (En miles de nuevos soles),2,"Venta de Propiedades, Planta y Equipo",           0.00
244,2017,2,Estado de Flujos de Efectivo,45,FE,H,B60001,TI,3D0203,Estado Financiero  Individual al Segundo Trimestre  del Año 2017 (En miles de nuevos soles),2,Venta de Activos Intangibles,           0.00
245,2017,2,Estado de Flujos de Efectivo,45,FE,H,B60001,TI,3D0223,Estado Financiero  Individual al Segundo Trimestre  del Año 2017 (En miles de nuevos soles),2,Venta de Otros Activos de Largo Plazo,           0.00
246,2017,2,Estado de Flujos de Efectivo,45,FE,H,B60001,TI,3D0231,Estado Financiero  Individual al Segundo Trimestre  del Año 2017 (En miles de nuevos soles),2,Subvenciones del Gobierno,           0.00
247,2017,2,Estado de Flujos de Efectivo,45,FE,H,B60001,TI,3D0210,Estado Financiero  Individual al Segundo Trimestre  del Año 2017 (En miles de nuevos soles),2,Intereses Recibidos,           0.00
248,2017,2,Estado de Flujos de Efectivo,45,FE,H,B60001,TI,3D0211,Estado Financiero  Individual al Segundo Trimestre  del Año 2017 (En miles de nuevos soles),2,Dividendos Recibidos,           0.00
249,2017,2,Estado de Flujos de Efectivo,45,FE,H,B60001,TI,3DT004,Estado Financiero  Individual al Segundo Trimestre  del Año 2017 (En miles de nuevos soles),2,Clases de Pagos en Efectivo por Actividades de Inversión,
250,2017,2,Estado de Flujos de Efectivo,45,FE,H,B60001,TI,3D0225,Estado Financiero  Individual al Segundo Trimestre  del Año 2017 (En miles de nuevos soles),2,Préstamos Concedidos a Terceros,           0.00
251,2017,2,Estado de Flujos de Efectivo,45,FE,H,B60001,TI,3D0232,Estado Financiero  Individual al Segundo Trimestre  del Año 2017 (En miles de nuevos soles),2,Obtener el Control de Subsidiarias u Otros Negocios,           0.00
252,2017,2,Estado de Flujos de Efectivo,45,FE,H,B60001,TI,3D0212,Estado Financiero  Individual al Segundo Trimestre  del Año 2017 (En miles de nuevos soles),2,Prestamos Concedidos a Entidades Relacionadas,           0.00
253,2017,2,Estado de Flujos de Efectivo,45,FE,H,B60001,TI,3D0205,Estado Financiero  Individual al Segundo Trimestre  del Año 2017 (En miles de nuevos soles),2,Compra de Instrumentos Financieros de Patrimonio o Deuda de Otras Entidades,           0.00
254,2017,2,Estado de Flujos de Efectivo,45,FE,H,B60001,TI,3D0226,Estado Financiero  Individual al Segundo Trimestre  del Año 2017 (En miles de nuevos soles),2,"Contratos Derivados (Futuro, a Término, Opciones)",           0.00
255,2017,2,Estado de Flujos de Efectivo,45,FE,H,B60001,TI,3D0219,Estado Financiero  Individual al Segundo Trimestre  del Año 2017 (En miles de nuevos soles),2,"Compra de Subsidiarias, Neto del Efectivo Adquirido",         -14.00
256,2017,2,Estado de Flujos de Efectivo,45,FE,H,B60001,TI,3D0227,Estado Financiero  Individual al Segundo Trimestre  del Año 2017 (En miles de nuevos soles),2,"Compra de Participaciones en Negocios Conjuntos, Neto del Efectivo Adquirido",           0.00
257,2017,2,Estado de Flujos de Efectivo,45,FE,H,B60001,TI,3D0206,Estado Financiero  Individual al Segundo Trimestre  del Año 2017 (En miles de nuevos soles),2,"Compra de Propiedades, Planta y Equipo","     -10,217.00"
258,2017,2,Estado de Flujos de Efectivo,45,FE,H,B60001,TI,3D0207,Estado Financiero  Individual al Segundo Trimestre  del Año 2017 (En miles de nuevos soles),2,Compra de Activos Intangibles,           0.00
259,2017,2,Estado de Flujos de Efectivo,45,FE,H,B60001,TI,3D0229,Estado Financiero  Individual al Segundo Trimestre  del Año 2017 (En miles de nuevos soles),2,Compra de Otros Activos de Largo Plazo,           0.00
260,2017,2,Estado de Flujos de Efectivo,45,FE,H,B60001,TI,3D0233,Estado Financiero  Individual al Segundo Trimestre  del Año 2017 (En miles de nuevos soles),2,Impuestos a las Ganancias (Pagados) Reembolsados,           0.00
261,2017,2,Estado de Flujos de Efectivo,45,FE,H,B60001,TI,3D0234,Estado Financiero  Individual al Segundo Trimestre  del Año 2017 (En miles de nuevos soles),2,Otros Cobros (Pagos) de Efectivo Relativos a las Actividades de Inversión,           0.00
262,2017,2,Estado de Flujos de Efectivo,45,FE,H,B60001,TI,3D02ST,Estado Financiero  Individual al Segundo Trimestre  del Año 2017 (En miles de nuevos soles),2,Flujos de Efectivo y Equivalente al Efectivo procedente de (utilizados en) Actividades de Inversión,"     -10,231.00"
263,2017,2,Estado de Flujos de Efectivo,45,FE,H,B60001,TI,3DT005,Estado Financiero  Individual al Segundo Trimestre  del Año 2017 (En miles de nuevos soles),2,Flujo de Efectivo de Actividades de Financiación,
264,2017,2,Estado de Flujos de Efectivo,45,FE,H,B60001,TI,3DT013,Estado Financiero  Individual al Segundo Trimestre  del Año 2017 (En miles de nuevos soles),2,Clases de Cobros en Efectivo por Actividades de Financiación:,
265,2017,2,Estado de Flujos de Efectivo,45,FE,H,B60001,TI,3D0325,Estado Financiero  Individual al Segundo Trimestre  del Año 2017 (En miles de nuevos soles),2,Obtención de Préstamos,           0.00
266,2017,2,Estado de Flujos de Efectivo,45,FE,H,B60001,TI,3D0319,Estado Financiero  Individual al Segundo Trimestre  del Año 2017 (En miles de nuevos soles),2,Préstamos de Entidades Relacionadas,"     170,163.00"
267,2017,2,Estado de Flujos de Efectivo,45,FE,H,B60001,TI,3D0326,Estado Financiero  Individual al Segundo Trimestre  del Año 2017 (En miles de nuevos soles),2,Cambios en las Participaciones en la Propiedad de Subsidiarias que no Resultan en Pérdida de Control,           0.00
268,2017,2,Estado de Flujos de Efectivo,45,FE,H,B60001,TI,3D0327,Estado Financiero  Individual al Segundo Trimestre  del Año 2017 (En miles de nuevos soles),2,Emisión de Acciones,           0.00
269,2017,2,Estado de Flujos de Efectivo,45,FE,H,B60001,TI,3D0328,Estado Financiero  Individual al Segundo Trimestre  del Año 2017 (En miles de nuevos soles),2,Emisión de Otros Instrumentos de Patrimonio,           0.00
270,2017,2,Estado de Flujos de Efectivo,45,FE,H,B60001,TI,3D0329,Estado Financiero  Individual al Segundo Trimestre  del Año 2017 (En miles de nuevos soles),2,Subvenciones del Gobierno,           0.00
271,2017,2,Estado de Flujos de Efectivo,45,FE,H,B60001,TI,3DT006,Estado Financiero  Individual al Segundo Trimestre  del Año 2017 (En miles de nuevos soles),2,Clases de Pagos en Efectivo por Actividades de Financiación:,
272,2017,2,Estado de Flujos de Efectivo,45,FE,H,B60001,TI,3D0330,Estado Financiero  Individual al Segundo Trimestre  del Año 2017 (En miles de nuevos soles),2,Amortización o Pago de Préstamos,"     -34,325.00"
273,2017,2,Estado de Flujos de Efectivo,45,FE,H,B60001,TI,3D0322,Estado Financiero  Individual al Segundo Trimestre  del Año 2017 (En miles de nuevos soles),2,Pasivos por Arrendamiento Financiero,           0.00
274,2017,2,Estado de Flujos de Efectivo,45,FE,H,B60001,TI,3D0321,Estado Financiero  Individual al Segundo Trimestre  del Año 2017 (En miles de nuevos soles),2,Préstamos de Entidades Relacionadas,"     -77,665.00"
275,2017,2,Estado de Flujos de Efectivo,45,FE,H,B60001,TI,3D0331,Estado Financiero  Individual al Segundo Trimestre  del Año 2017 (En miles de nuevos soles),2,Cambios en las Participaciones en la Propiedad de Subsidiarias que no Resultan en Pérdida de Control,           0.00
276,2017,2,Estado de Flujos de Efectivo,45,FE,H,B60001,TI,3D0310,Estado Financiero  Individual al Segundo Trimestre  del Año 2017 (En miles de nuevos soles),2,Recompra o Rescate de Acciones de la Entidad (Acciones en Cartera),"      13,568.00"
277,2017,2,Estado de Flujos de Efectivo,45,FE,H,B60001,TI,3D0323,Estado Financiero  Individual al Segundo Trimestre  del Año 2017 (En miles de nuevos soles),2,Adquisición de Otras Participaciones en el Patrimonio,           0.00
278,2017,2,Estado de Flujos de Efectivo,45,FE,H,B60001,TI,3D0311,Estado Financiero  Individual al Segundo Trimestre  del Año 2017 (En miles de nuevos soles),2,Intereses Pagados,"     -18,107.00"
279,2017,2,Estado de Flujos de Efectivo,45,FE,H,B60001,TI,3D0305,Estado Financiero  Individual al Segundo Trimestre  del Año 2017 (En miles de nuevos soles),2,Dividendos Pagados,"    -124,433.00"
280,2017,2,Estado de Flujos de Efectivo,45,FE,H,B60001,TI,3D0332,Estado Financiero  Individual al Segundo Trimestre  del Año 2017 (En miles de nuevos soles),2,Impuestos a las Ganancias (Pagados) Reembolsados,           0.00
281,2017,2,Estado de Flujos de Efectivo,45,FE,H,B60001,TI,3D0333,Estado Financiero  Individual al Segundo Trimestre  del Año 2017 (En miles de nuevos soles),2,Otros Cobros (Pagos) de Efectivo Relativos a las Actividades de Financiación,           0.00
282,2017,2,Estado de Flujos de Efectivo,45,FE,H,B60001,TI,3D03ST,Estado Financiero  Individual al Segundo Trimestre  del Año 2017 (En miles de nuevos soles),2,Flujos de Efectivo y Equivalente al Efectivo procedente de (utilizados en) Actividades de Financiación,"     -70,799.00"
283,2017,2,Estado de Flujos de Efectivo,45,FE,H,B60001,TI,3D0401,Estado Financiero  Individual al Segundo Trimestre  del Año 2017 (En miles de nuevos soles),2,"Aumento (Disminución) Neto de Efectivo y Equivalente al Efectivo, antes de las Variaciones en las Tasas de Cambio","       2,616.00"
284,2017,2,Estado de Flujos de Efectivo,45,FE,H,B60001,TI,3D0404,Estado Financiero  Individual al Segundo Trimestre  del Año 2017 (En miles de nuevos soles),2,Efectos de las Variaciones en las Tasas de Cambio sobre el Efectivo y Equivalentes al Efectivo,           3.00
285,2017,2,Estado de Flujos de Efectivo,45,FE,H,B60001,TI,3D0405,Estado Financiero  Individual al Segundo Trimestre  del Año 2017 (En miles de nuevos soles),2,Aumento (Disminución) Neto de Efectivo y Equivalente al Efectivo,"       2,619.00"
286,2017,2,Estado de Flujos de Efectivo,45,FE,H,B60001,TI,3D0402,Estado Financiero  Individual al Segundo Trimestre  del Año 2017 (En miles de nuevos soles),2,Efectivo y Equivalente al Efectivo al Inicio del Ejercicio,"      25,047.00"
287,2017,2,Estado de Flujos de Efectivo,45,FE,H,B60001,TI,3D04ST,Estado Financiero  Individual al Segundo Trimestre  del Año 2017 (En miles de nuevos soles),2,Efectivo y Equivalente al Efectivo al Finalizar el Ejercicio,"      27,666.00"
